deviceID,total_trips,total_dist_km,total_fuel_L,avg_speed,overall_kpl
9.0,147,1509.02,123.217,28.376190476190477,12.25
10.0,352,3470.51,397.992,29.26590909090909,8.72
3.0,123,1287.07,147.827,27.866666666666667,8.71
16.0,38,492.5,65.8,23.781578947368423,7.48
12.0,266,2805.48,448.88,24.943984962406017,6.25
5.0,222,1733.47,282.082,29.803153153153154,6.15
8.0,30,265.44,55.461,29.2,4.79
6.0,12,121.42,37.671,32.96666666666667,3.22
